{
  "type": "FeatureCollection",
  "features": [
    {
      "type": "Feature",
      "properties": {
        "name": "Algeria",
        "name_long": "Algeria",
        "abbrev": "Alg.",
        "formal_en": "People's Democratic Republic of Algeria",
        "name_sort": "Algeria",
        "mapcolor7": 5,
        "mapcolor8": 2,
        "mapcolor9": 2,
        "mapcolor13": 9,
        "pop_est": 34586184,
        "gdp_md_est": 188681,
        "pop_year": -99,
        "lastcensus": 2008,
        "gdp_year": -99,
        "economy": "6. Developing region",
        "income_grp": "3. Upper middle income",
        "wikipedia": -99,
        "iso_a2": "DZ",
        "iso_a3": "DZA",
        "iso_n3": "012",
        "un_a3": "012",
        "wb_a2": "DZ",
        "wb_a3": "DZA",
        "woe_id": -99,
        "adm0_a3_is": "DZA",
        "adm0_a3_us": "DZA",
        "adm0_a3_un": -99,
        "adm0_a3_wb": -99,
        "continent": "Africa",
        "region_un": "Africa",
        "subregion": "Northern Africa",
        "region_wb": "Middle East & North Africa",
        "name_len": 7,
        "long_len": 7,
        "abbrev_len": 4,
        "tiny": -99,
        "homepart": 1
      },
      "geometry": {
        "type": "Polygon",
        "coordinates": [
          [
            [11.999993, 23.471668],
            [8.572893, 21.565661],
            [5.677566, 19.601206],
            [4.267419, 19.155265],
            [3.158133, 19.057364],
            [3.146661, 19.693578],
            [2.683588, 19.85097],
            [2.060991, 20.142233],
            [1.823227, 20.610163],
            [0.3, 21.79],
            [-1.550055, 22.792666],
            [-4.859646, 24.520264],
            [-8.687294, 27.395744],
            [-8.665589, 27.589479],
            [-7.059227, 33.697068],
            [-2.951058, 36.140362],
            [-1.307893, 36.88644],
            [-0.127454, 37.093312],
            [3.146661, 36.738529],
            [7.330384, 37.118381],
            [7.737078, 36.885708],
            [8.420964, 36.946427],
            [8.217824, 36.433177],
            [8.376368, 35.479876],
            [8.140981, 34.655146],
            [7.524481, 34.097376],
            [7.612641, 33.344115],
            [8.439103, 32.506285],
            [8.430473, 32.748337],
            [9.055486, 32.102692],
            [9.482139, 30.307556],
            [9.970017, 30.539325],
            [9.950227, 30.24832],
            [10.636929, 30.216999],
            [10.944178, 30.557348],
            [11.432253, 30.377329],
            [11.488787, 30.285264],
            [11.999993, 23.471668]
          ]
        ]
      }
    },
    {
      "type": "Feature",
      "properties": {
        "name": "Senegal",
        "name_long": "Senegal",
        "abbrev": "Sen.",
        "formal_en": "Republic of Senegal",
        "name_sort": "Senegal",
        "mapcolor7": 1,
        "mapcolor8": 4,
        "mapcolor9": 3,
        "mapcolor13": 7,
        "pop_est": 13711597,
        "gdp_md_est": 23940,
        "pop_year": -99,
        "lastcensus": 2002,
        "gdp_year": -99,
        "economy": "7. Least developed region",
        "income_grp": "4. Lower middle income",
        "wikipedia": -99,
        "iso_a2": "SN",
        "iso_a3": "SEN",
        "iso_n3": "686",
        "un_a3": "686",
        "wb_a2": "SN",
        "wb_a3": "SEN",
        "woe_id": -99,
        "adm0_a3_is": "SEN",
        "adm0_a3_us": "SEN",
        "adm0_a3_un": -99,
        "adm0_a3_wb": -99,
        "continent": "Africa",
        "region_un": "Africa",
        "subregion": "Western Africa",
        "region_wb": "Sub-Saharan Africa",
        "name_len": 7,
        "long_len": 7,
        "abbrev_len": 4,
        "tiny": -99,
        "homepart": 1
      },
      "geometry": {
        "type": "Polygon",
        "coordinates": [
          [
            [-16.713729, 13.594959],
            [-17.126107, 14.373516],
            [-17.625043, 14.729541],
            [-17.185173, 14.919477],
            [-16.700706, 15.621527],
            [-16.463098, 16.135036],
            [-16.120862, 16.455054],
            [-15.623666, 16.369337],
            [-15.135737, 16.587282],
            [-14.576951, 16.598264],
            [-14.099521, 16.304302],
            [-13.435738, 16.039383],
            [-12.830658, 15.303692],
            [-12.17075, 14.616834],
            [-12.124887, 13.994727],
            [-11.927716, 13.422075],
            [-11.553398, 13.141214],
            [-11.467899, 12.754519],
            [-11.513943, 12.442988],
            [-11.658301, 12.386583],
            [-12.203435, 12.465648],
            [-12.278599, 12.35444],
            [-12.499051, 12.332089],
            [-13.217818, 12.575874],
            [-13.700476, 12.586183],
            [-15.548477, 12.62817],
            [-15.816574, 12.515567],
            [-16.147717, 12.547762],
            [-16.677452, 12.384852],
            [-16.841525, 13.151394],
            [-15.931296, 13.130284],
            [-15.691, 13.270353],
            [-15.511813, 13.278569],
            [-15.141163, 13.509512],
            [-14.712197, 13.298207],
            [-14.277702, 13.280585],
            [-13.844963, 13.505042],
            [-14.046992, 13.794068],
            [-14.376714, 13.62568],
            [-14.687031, 13.630357],
            [-15.081735, 13.876492],
            [-15.398735, 13.860368],
            [-15.624596, 13.623587],
            [-16.713729, 13.594959]
          ]
        ]
      }
    }
  ]
}
